Vega  de Plazas Ruby Thania,1
Andrade Serrano Hernán Francisco,2
Asthon Giraldo Álvaro Antonio,3
Benedetti Villaneda Armando Alberto,4
Celis Carrillo Bernabé,5
Cepeda Sarabia Efraín José,2
Corzo Román Juan Manuel,2
Char Chaljub Arturo,5
Duque Garcia Luis Fernando,3
Enríquez Maya Carlos Eduardo,2
Enríquez Rosero Manuel Mesías,4
Galán Pachón Juan Manuel,3
Galvis Méndez Daira,5
García Realpe Guillermo,3
Gerlein Echeverría Roberto,2
Guerra de la Espriella Antonio del Cristo,5
López Maya Alexánder,6
Mora Jaramillo Manuel Guillermo,4
Name Cardozo José David,4
Pedraza Gutiérrez Jorge Hernando,2
Restrepo Escobar Juan Carlos,5
Robledo Castillo Jorge Enrique,6
Rodríguez Sarmiento Milton Arlex,4
Sierra Grajales Luis Emilio,2
Velasco Chaves  Luis Fernando,3
Aguilar Hurtado Nerthink Mauricio,7
Avirama Avirama Marco Aníbal,8
Barreras Montealegre Roy Leonardo,4
Besaile Fayad Musa,4
Elías Vidal Bernardo Miguel,4
Hoyos Giraldo Germán Darío,4
Lizcano Arango Oscar Mauricio,4
Soto Jaramillo Carlos Enrique,4
Martínez Aristizábal Maritza,4
García Burgos Nora María,2
Merheg Marun Juan Samy,2
Paredes Aguirre Myriam Alicia,2
Suárez Mira Olga Lucía,2
Tamayo Tamayo Fernando Eustacio,2
Casado de López Arleth Patricia,3
Delgado Ruiz Édinson,3
Durán Barrera Jaime Enrique,3
García Turbay Lidio,3
Santos Marín Guillermo Antonio,3
Villalba Mosquera Rodrigo,3
Correa Jiménez Antonio José,7
García Romero Teresita,7
Guerra Sotto Julio Miguel,7
Motoa Solarte Carlos Fernando,5
Name Iván Leonidas ,9
Vega Quiroz Doris Clemencia,7
Andrade Casamá Luis Evelis,10
Castilla Salazar Jesús Alberto,6
Cepeda Castro Iván,6
Niño Avendaño Senén Segundo,6
López Hernández Claudia Nayibe,9
Navarro Wolff Antonio José ,9
Ospina Gómez Jorge Iván,9
Prieto Riveros Jorge Eliécer,9
Galán Pachón Carlos Fernando ,5
Martínez Rosales Rosmery,5
Varón Cotrino Germán,5
Alvarez Montenegro Javier Tato,3
Cristo Bustos Andrés,3
Fernández Alcocer Mario Alberto ,3
Gaviria Correa Sofía Alejandra,3
Morales Hoyos Viviane,3
Serpa Uribe Horacio ,3
Acuña  Díaz Laureano Augusto,2
Blel Scaf Nadya Georgette,2
Delgado Martínez Javier Mauricio,2
Gómez Jiménez Juan Diego,2
Osorio  Salgado Nidia Marcela ,2
Pestana Rojas Yamina del Carmen  ,2
Araújo Rumié Fernando Nicolás,1
Bustamante García Everth ,1
Cabrales Castillo Daniel  Alberto ,1
Castañeda Serrano Orlando ,1
Correa  Borrero Susana ,1
Duque Márquez Iván ,1
Gaviria Vélez José  Obdulio,1
Baron Neira Leon Rigoberto,2
Holguín Moreno Paola  Andrea ,1
Macías Tovar Ernesto  ,1
Mejía Mejía Carlos  Felipe ,1
Ramos Maya Alfredo ,1
Rangel  Suárez Alfredo ,1
Tovar Rey Nohora  Stella,1
Uribe Vélez Álvaro ,1
Valencia  Laserna Paloma ,1
Guerra  de la Espriella Maria del Rosario,1
Amín Hernández Jaime Alejandro,1
Henríquez Pinedo Honorio Miguel ,1
Amín Escaf Miguel ,4
Cabrera Báez Ángel Custodio ,4
Chamorro  Cruz William Jimmy,4
García Zuccardi Andrés,4
Gnecco Zuleta José  Alfredo  ,4
Pulgar Daza Eduardo Enrique ,4
Villadiego Villadiego Sandra  Elena ,4
Rodríguez Rengifo Roosvelt ,4
Gechen Turbay  Jorge Eduardo,4